{"BI:0,1:False,2:False,3:False,O:0,R:0": 0.4157132217578474, "BI:1,1:False,2:False,3:False,O:1,R:0": 0.21965310839263102, "BI:2,1:False,2:False,3:False,O:2,R:0": 0.10814283550649886, "Inning Done...Runs: 0": 0, "BI:3,1:True,2:False,3:False,O:2,R:0": 0.24085175249068527, "BI:4,1:True,2:False,3:True,O:2,R:0": 0.48115147491390614, "BI:5,1:True,2:False,3:True,O:2,R:1": 1.424447493101817, "Inning Done...Runs: 1": 1, "BI:6,1:True,2:False,3:True,O:2,R:2": 2.4854492110875164, "Inning Done...Runs: 2": 2, "BI:7,1:True,2:False,3:True,O:2,R:3": 3.5309786770362246, "Inning Done...Runs: 3": 3, "BI:8,1:True,2:False,3:True,O:2,R:4": 4.493816745185349, "Inning Done...Runs: 4": 4, "BI:0,1:True,2:False,3:True,O:2,R:5": 5.480558563918052, "Inning Done...Runs: 5": 5, "BI:1,1:True,2:False,3:True,O:2,R:6": 6.339977820661633, "Inning Done...Runs: 6": 6, "BI:2,1:True,2:False,3:True,O:2,R:7": 7.526948758002419, "Inning Done...Runs: 7": 7, "BI:3,1:True,2:False,3:True,O:2,R:8": 8.489334128149036, "Inning Done...Runs: 8": 8, "BI:4,1:True,2:False,3:True,O:2,R:9": 9.374818605087096, "Inning Done...Runs: 9": 9, "Inning Done...Runs: 10": 10, "Inning Done...Runs: 11": 11, "Inning Done...Runs: 12": 12, "BI:3,1:False,2:True,3:False,O:2,R:9": 9.322031848625503, "BI:3,1:False,2:False,3:True,O:2,R:9": 9.322031848625503, "BI:2,1:False,2:True,3:False,O:2,R:8": 8.377702443693511, "BI:3,1:True,2:False,3:False,O:2,R:9": 9.204898686317545, "BI:2,1:False,2:False,3:True,O:2,R:8": 8.377702443693511, "BI:2,1:False,2:False,3:False,O:2,R:9": 9.09769586955531, "BI:1,1:False,2:True,3:False,O:2,R:7": 7.255291094152362, "BI:2,1:True,2:False,3:False,O:2,R:8": 8.24675768664275, "BI:1,1:False,2:False,3:True,O:2,R:7": 7.255291094152362, "BI:1,1:False,2:False,3:False,O:2,R:8": 8.065339126150105, "BI:0,1:False,2:True,3:False,O:2,R:6": 6.3542247987256575, "BI:1,1:True,2:False,3:False,O:2,R:7": 7.149969381983099, "BI:0,1:False,2:False,3:True,O:2,R:6": 6.3542247987256575, "BI:0,1:False,2:False,3:False,O:2,R:7": 7.080409728589081, "BI:8,1:False,2:True,3:False,O:2,R:5": 5.359223379059042, "BI:0,1:True,2:False,3:False,O:2,R:6": 6.206634941035728, "BI:8,1:False,2:False,3:True,O:2,R:5": 5.359223379059042, "BI:8,1:False,2:False,3:False,O:2,R:6": 6.08758964486735, "BI:7,1:False,2:True,3:False,O:2,R:4": 4.392246799283801, "BI:8,1:True,2:False,3:False,O:2,R:5": 5.2228330754208, "BI:7,1:False,2:False,3:True,O:2,R:4": 4.392246799283801, "BI:7,1:False,2:False,3:False,O:2,R:5": 5.094829348028737, "BI:6,1:False,2:True,3:False,O:2,R:3": 3.351607024741695, "BI:7,1:True,2:False,3:False,O:2,R:4": 4.23330149632269, "BI:6,1:False,2:False,3:True,O:2,R:3": 3.351607024741695, "BI:6,1:False,2:False,3:False,O:2,R:4": 4.098161511052717, "BI:5,1:False,2:True,3:False,O:2,R:2": 2.3152388354354683, "BI:6,1:True,2:False,3:False,O:2,R:3": 3.231420990515176, "BI:5,1:False,2:False,3:True,O:2,R:2": 2.3152388354354683, "BI:5,1:False,2:False,3:False,O:2,R:3": 3.0759778060244134, "BI:4,1:False,2:True,3:False,O:2,R:1": 1.3582747860820112, "BI:5,1:True,2:False,3:False,O:2,R:2": 2.186989785419965, "BI:4,1:False,2:False,3:True,O:2,R:1": 1.3582747860820112, "BI:4,1:False,2:False,3:False,O:2,R:2": 2.0818451248295347, "BI:3,1:False,2:True,3:False,O:2,R:0": 0.38313666218848835, "BI:4,1:True,2:False,3:False,O:2,R:1": 1.2024463657575475, "BI:3,1:False,2:False,3:True,O:2,R:0": 0.38313666218848835, "BI:3,1:False,2:False,3:False,O:2,R:1": 1.0974929735375534, "BI:2,1:True,2:False,3:False,O:1,R:0": 0.6184324588437546, "BI:3,1:True,2:False,3:True,O:1,R:0": 0.8685970312392604, "BI:4,1:False,2:True,3:False,O:2,R:0": 0.35825677650274523, "BI:5,1:True,2:False,3:False,O:2,R:1": 1.1884209894766111, "BI:6,1:True,2:False,3:True,O:2,R:1": 1.4846177731290027, "BI:7,1:True,2:False,3:True,O:2,R:2": 2.5332962111765496, "BI:8,1:True,2:False,3:True,O:2,R:3": 3.4935061096695477, "BI:0,1:True,2:False,3:True,O:2,R:4": 4.481440538221731, "BI:1,1:True,2:False,3:True,O:2,R:5": 5.341755989309356, "BI:2,1:True,2:False,3:True,O:2,R:6": 6.5375705899404, "BI:3,1:True,2:False,3:True,O:2,R:7": 7.517797437643858, "BI:4,1:True,2:False,3:True,O:2,R:8": 8.439148313245342, "BI:5,1:True,2:False,3:True,O:2,R:9": 9.318225379833514, "BI:4,1:False,2:True,3:False,O:2,R:9": 9.300796440523808, "BI:4,1:False,2:False,3:True,O:2,R:9": 9.300796440523808, "BI:3,1:False,2:True,3:False,O:2,R:8": 8.369955244731731, "BI:4,1:True,2:False,3:False,O:2,R:9": 9.16187589455241, "BI:3,1:False,2:False,3:True,O:2,R:8": 8.369955244731731, "BI:3,1:False,2:False,3:False,O:2,R:9": 9.085407846446184, "BI:2,1:False,2:True,3:False,O:2,R:7": 7.389082979349904, "BI:3,1:True,2:False,3:False,O:2,R:8": 8.233223946351913, "BI:2,1:False,2:False,3:True,O:2,R:7": 7.389082979349904, "BI:2,1:False,2:False,3:False,O:2,R:8": 8.109064132180315, "BI:1,1:False,2:True,3:False,O:2,R:6": 6.257290503270463, "BI:2,1:True,2:False,3:False,O:2,R:7": 7.257255237465053, "BI:1,1:False,2:False,3:True,O:2,R:6": 6.257290503270463, "BI:1,1:False,2:False,3:False,O:2,R:7": 7.067333265118753, "BI:0,1:False,2:True,3:False,O:2,R:5": 5.354677296759272, "BI:1,1:True,2:False,3:False,O:2,R:6": 6.15169744493223, "BI:0,1:False,2:False,3:True,O:2,R:5": 5.354677296759272, "BI:0,1:False,2:False,3:False,O:2,R:6": 6.080854035490509, "BI:8,1:False,2:True,3:False,O:2,R:4": 4.359312564771019, "BI:0,1:True,2:False,3:False,O:2,R:5": 5.20760996257217, "BI:8,1:False,2:False,3:True,O:2,R:4": 4.359312564771019, "BI:8,1:False,2:False,3:False,O:2,R:5": 5.087648136178468, "BI:7,1:False,2:True,3:False,O:2,R:3": 3.39200606027996, "BI:8,1:True,2:False,3:False,O:2,R:4": 4.222367302836714, "BI:7,1:False,2:False,3:True,O:2,R:3": 3.39200606027996, "BI:7,1:False,2:False,3:False,O:2,R:4": 4.094545209915992, "BI:6,1:False,2:True,3:False,O:2,R:2": 2.352007907794341, "BI:7,1:True,2:False,3:False,O:2,R:3": 3.236715794438657, "BI:6,1:False,2:False,3:True,O:2,R:2": 2.352007907794341, "BI:6,1:False,2:False,3:False,O:2,R:3": 3.098502053084695, "BI:5,1:False,2:True,3:False,O:2,R:1": 1.314977630181997, "BI:6,1:True,2:False,3:False,O:2,R:2": 2.2296294006909587, "BI:5,1:False,2:False,3:True,O:2,R:1": 1.314977630181997, "BI:5,1:False,2:False,3:False,O:2,R:2": 2.075764951721114, "BI:4,1:True,2:False,3:True,O:1,R:1": 1.8006528231600396, "BI:5,1:True,2:False,3:True,O:1,R:2": 2.7737292429231926, "BI:6,1:True,2:False,3:True,O:1,R:3": 3.8586641362090455, "BI:7,1:True,2:False,3:True,O:1,R:4": 4.875391873410764, "BI:8,1:True,2:False,3:True,O:1,R:5": 5.821634504451246, "BI:0,1:True,2:False,3:True,O:1,R:6": 6.754942147045535, "BI:1,1:True,2:False,3:True,O:1,R:7": 7.697963251239755, "BI:2,1:True,2:False,3:True,O:1,R:8": 8.801732019056974, "BI:3,1:True,2:False,3:True,O:1,R:9": 9.632317799007179, "BI:2,1:False,2:True,3:False,O:1,R:9": 9.554061012362581, "BI:2,1:False,2:False,3:True,O:1,R:9": 9.383692926696947, "BI:1,1:False,2:True,3:False,O:1,R:8": 8.598954336258076, "BI:2,1:True,2:False,3:False,O:1,R:9": 9.48716222608122, "BI:1,1:False,2:False,3:True,O:1,R:8": 8.38134074002217, "BI:1,1:False,2:False,3:False,O:1,R:9": 9.18219340512149, "BI:0,1:False,2:True,3:False,O:1,R:7": 7.624769933578587, "BI:1,1:True,2:False,3:False,O:1,R:8": 8.498739259986529, "BI:0,1:False,2:False,3:True,O:1,R:7": 7.4882829228171275, "BI:0,1:False,2:False,3:False,O:1,R:8": 8.212992488760394, "BI:8,1:False,2:True,3:False,O:1,R:6": 6.687110607929779, "BI:0,1:True,2:False,3:False,O:1,R:7": 7.47965206191493, "BI:8,1:False,2:False,3:True,O:1,R:6": 6.4879766055481465, "BI:8,1:False,2:False,3:False,O:1,R:7": 7.216092236548708, "BI:7,1:False,2:True,3:False,O:1,R:5": 5.736146824450056, "BI:8,1:True,2:False,3:False,O:1,R:6": 6.55029432807349, "BI:7,1:False,2:False,3:True,O:1,R:5": 5.54533460673103, "BI:7,1:False,2:False,3:False,O:1,R:6": 6.247906221280374, "BI:6,1:False,2:True,3:False,O:1,R:4": 4.724089383296969, "BI:7,1:True,2:False,3:False,O:1,R:5": 5.57773111342745, "BI:6,1:False,2:False,3:True,O:1,R:4": 4.5018225963766145, "BI:6,1:False,2:False,3:False,O:1,R:5": 5.248644075757527, "BI:5,1:False,2:True,3:False,O:1,R:3": 3.6669631089671695,